projeto;arquivo;tipo;membro;loc;cc;aninhamento;parametros;halstead_volume;maintainability_index
3D (ChemistryLab);Core\CanvasSetup.cs;CanvasSetup;Awake;15;3;4;0;386.4;55.8
3D (ChemistryLab);Core\GameManager.cs;GameManager;Instance (prop);1;1;0;0;18.1;91.1
3D (ChemistryLab);Core\GameManager.cs;GameManager;CurrentMode (prop);1;1;0;0;18.1;91.1
3D (ChemistryLab);Core\GameManager.cs;GameManager;DiscoveredCompounds (prop);1;1;0;0;18.1;91.1
3D (ChemistryLab);Core\GameManager.cs;GameManager;PlayerLives (prop);1;1;0;0;18.1;91.1
3D (ChemistryLab);Core\GameManager.cs;GameManager;Awake;14;4;2;0;242.5;57.8
3D (ChemistryLab);Core\GameManager.cs;GameManager;Start;4;1;0;0;2;84.6
3D (ChemistryLab);Core\GameManager.cs;GameManager;OnDestroy;4;1;0;0;24;77.1
3D (ChemistryLab);Core\GameManager.cs;GameManager;OnSceneLoaded;14;3;1;2;210.9;58.3
3D (ChemistryLab);Core\GameManager.cs;GameManager;ConfigureUIComponents;5;3;0;0;150.1;69.1
3D (ChemistryLab);Core\GameManager.cs;GameManager;ToggleSettingsPanel;4;1;0;0;39.9;75.5
3D (ChemistryLab);Core\GameManager.cs;GameManager;ResumeGame;4;1;0;0;28.5;76.5
3D (ChemistryLab);Core\GameManager.cs;GameManager;ExitGame;4;1;0;0;24;77.1
3D (ChemistryLab);Core\GameManager.cs;GameManager;OpenOptions;4;1;0;0;2;84.6
3D (ChemistryLab);Core\GameManager.cs;GameManager;SetGameMode;5;1;0;1;34.9;73.8
3D (ChemistryLab);Core\GameManager.cs;GameManager;SetInitialLives;19;4;1;1;232.8;55
3D (ChemistryLab);Core\GameManager.cs;GameManager;LoadMode;8;2;2;1;109.4;65.8
3D (ChemistryLab);Core\GameManager.cs;GameManager;LoadExperimentMode;1;1;0;0;19.7;90.8
3D (ChemistryLab);Core\GameManager.cs;GameManager;LoadStudyMode;1;1;0;0;19.7;90.8
3D (ChemistryLab);Core\GameManager.cs;GameManager;LoadChallengeMode;1;1;0;0;19.7;90.8
3D (ChemistryLab);Core\GameManager.cs;GameManager;DiscoverCompound;7;2;2;1;78.9;68
3D (ChemistryLab);Core\GameManager.cs;GameManager;SaveGameState;6;1;0;0;137.6;67.9
3D (ChemistryLab);Core\GameManager.cs;GameManager;LoadGameState;12;2;0;0;482.9;57.4
3D (ChemistryLab);Core\GameManager.cs;GameManager;ResetLives;5;1;0;0;33;74
3D (ChemistryLab);Core\GameManager.cs;GameManager;AdjustPlayerLives;15;4;5;1;177.2;58.1
3D (ChemistryLab);Core\GameManager.cs;GameManager;UpdateLivesUI;19;7;2;0;296.3;53.9
3D (ChemistryLab);Core\GameManager.cs;GameManager;HandleGameOver;14;2;2;0;229.2;58.2
3D (ChemistryLab);Core\SceneLoader.cs;SceneLoader;LoadScenes;14;3;2;0;156;59.2
3D (ChemistryLab);Core\SceneLoader.cs;SceneLoader;LoadScenes_Coroutine;11;2;2;0;212.6;60.7
3D (ChemistryLab);Core\SceneLoader.cs;SceneLoader;LoadSceneAsync;20;3;4;2;398.1;53
3D (ChemistryLab);Gameplay\Animation\AnalyticsAnimController.cs;AnalyticsAnimController;Start;10;2;2;0;173.9;62.2
3D (ChemistryLab);Gameplay\Animation\AnalyticsAnimController.cs;AnalyticsAnimController;PlayAnimationBasedOnAnalysis;34;4;5;2;807.3;45.7
3D (ChemistryLab);Gameplay\Animation\AnalyticsAnimController.cs;AnalyticsAnimController;ResetAnimationToIdleSolid;4;1;0;0;28.5;76.5
3D (ChemistryLab);Gameplay\Animation\AnalyticsAnimController.cs;AnalyticsAnimController;ResetAnimationToDefault;7;1;0;0;162.6;65.9
3D (ChemistryLab);Gameplay\Animation\AnalyticsAnimController.cs;AnalyticsAnimController;ForceResetToDefault;5;1;0;0;80;71.3
3D (ChemistryLab);Gameplay\Animation\AnalyticsAnimController.cs;AnalyticsAnimController;PerformRestart;10;1;0;1;241.9;61.4
3D (ChemistryLab);Gameplay\Animation\AnalyticsAnimController.cs;AnalyticsAnimController;GetAnimationName;36;13;4;2;554.7;45.1
3D (ChemistryLab);Gameplay\Animation\AnimationController.cs;AnimationController;Start;4;1;0;0;38.1;75.7
3D (ChemistryLab);Gameplay\Animation\AnimationController.cs;AnimationController;StartAnimation;7;1;0;0;141.8;66.4
3D (ChemistryLab);Gameplay\Animation\AnimationController.cs;AnimationController;RestartAnimation;5;1;0;0;55.4;72.4
3D (ChemistryLab);Gameplay\Animation\AnimationController.cs;AnimationController;PerformRestart;9;1;0;0;204.3;62.9
3D (ChemistryLab);Gameplay\Animation\AnimationManager.cs;AnimationManager;Awake;21;4;2;0;421.1;52.2
3D (ChemistryLab);Gameplay\Animation\AnimationManager.cs;AnimationManager;ResetAnimationAndUI;16;6;2;0;276.7;55.8
3D (ChemistryLab);Gameplay\Animation\AnimationManager.cs;AnimationManager;ReplayCompleteMix;34;6;4;0;735.9;45.7
3D (ChemistryLab);Gameplay\Animation\AnimationManager.cs;AnimationManager;ReenableReplayButtonAfterDelay;8;2;2;1;100.1;66
3D (ChemistryLab);Gameplay\Animation\AnimationManager.cs;AnimationManager;ShowBottle;30;3;4;0;672.9;47.6
3D (ChemistryLab);Gameplay\Animation\AnimationManager.cs;AnimationManager;HideBottle;9;1;1;0;205.1;62.9
3D (ChemistryLab);Gameplay\Animation\AnimationManager.cs;AnimationManager;ResetSkinnedMeshAndMaterialPropsColors;12;2;2;0;139;61.2
3D (ChemistryLab);Gameplay\Animation\AnimationManager.cs;AnimationManager;SetLastMixState;5;1;0;2;30;74.3
3D (ChemistryLab);Gameplay\Animation\AnimationManager.cs;AnimationManager;ShowPopupText;23;3;4;0;915.2;49.2
3D (ChemistryLab);Gameplay\Animation\AnimationManager.cs;AnimationManager;HidePopupText;10;2;3;0;208.1;61.7
3D (ChemistryLab);Gameplay\Animation\AnimationManager.cs;AnimationManager;ShowPopupTextWithDelay;4;1;0;1;30;76.4
3D (ChemistryLab);Gameplay\Animation\AnimationManager.cs;AnimationManager;DelayedShowPopupText;5;1;0;1;48.4;72.8
3D (ChemistryLab);Gameplay\Animation\BlendShapeManager.cs;BlendShapeManager;Initialize;4;1;0;1;15.5;78.4
3D (ChemistryLab);Gameplay\Animation\BlendShapeManager.cs;BlendShapeManager;ResetAllBlendShapes;11;3;4;0;262.6;59.9
3D (ChemistryLab);Gameplay\Animation\BlendShapeManager.cs;BlendShapeManager;AnimateBlendShape;22;3;2;2;567.8;51
3D (ChemistryLab);Gameplay\Animation\BlendShapeManager.cs;BlendShapeManager;AnimateBlendShapeSmooth;34;4;2;4;839.6;45.6
3D (ChemistryLab);Gameplay\Animation\BlendShapeManager.cs;BlendShapeManager;AnimateBlendShapeToAndFrom;38;4;2;2;928.1;44.2
3D (ChemistryLab);Gameplay\Animation\BlendShapeManager.cs;BlendShapeManager;AnimateBlendShapeWithOneSec;22;3;2;2;567.8;51
3D (ChemistryLab);Gameplay\Animation\BlendShapeManager.cs;BlendShapeManager;AnimateBlendShapeAfterCondition;16;3;2;4;328.3;55.7
3D (ChemistryLab);Gameplay\Animation\BlendShapeManager.cs;BlendShapeManager;FadeOutPowder;13;2;2;0;389.8;57.3
3D (ChemistryLab);Gameplay\Animation\ClickToAnim.cs;ClickToAnimate;Start;4;1;0;0;38.1;75.7
3D (ChemistryLab);Gameplay\Animation\ClickToAnim.cs;ClickToAnimate;Update;15;4;6;0;306.1;56.4
3D (ChemistryLab);Gameplay\Animation\ColorTransitionController.cs;ColorTransitionController;Update;13;3;4;0;192.6;59.3
3D (ChemistryLab);Gameplay\Animation\ColorTransitionController.cs;ColorTransitionController;StartColorTransition;7;1;0;1;94;67.6
3D (ChemistryLab);Gameplay\Animation\ColorTransitionController.cs;ColorTransitionController;ResetMaterialProperties;11;2;2;0;348.3;59.2
3D (ChemistryLab);Gameplay\Animation\ColorTransitionController.cs;ColorTransitionController;ResetMaterialPropertiesBlueClear;15;2;2;0;553.2;54.9
3D (ChemistryLab);Gameplay\Animation\MaterialTransitionManager.cs;MaterialTransitionManager;Initialize;4;1;0;1;15.5;78.4
3D (ChemistryLab);Gameplay\Animation\MaterialTransitionManager.cs;MaterialTransitionManager;UpdateSphereColor;9;1;0;2;188.9;63.1
3D (ChemistryLab);Gameplay\Animation\MaterialTransitionManager.cs;MaterialTransitionManager;TransitionColor;16;2;2;2;338.6;55.8
3D (ChemistryLab);Gameplay\Animation\MaterialTransitionManager.cs;MaterialTransitionManager;AnimateLiquidGrowth;28;2;2;0;700;48.2
3D (ChemistryLab);Gameplay\Animation\MaterialTransitionManager.cs;MaterialTransitionManager;TransitionColorAndAnimateGrowth;34;4;4;2;884.2;45.4
3D (ChemistryLab);Gameplay\Animation\MaterialTransitionManager.cs;MaterialTransitionManager;ResetMaterialProperties;21;2;2;0;766.4;50.7
3D (ChemistryLab);Gameplay\Animation\MaterialTransitionManager.cs;MaterialTransitionManager;TransitionColorAndAnimateGrowth;33;5;4;3;766.1;46
3D (ChemistryLab);Gameplay\Animation\PowderBlendController.cs;PowderBlendController;Start;60;8;4;0;1167.3;38.7
3D (ChemistryLab);Gameplay\Animation\PowderBlendController.cs;PowderBlendController;UpdateBlendShapes;24;3;2;2;422.3;51.1
3D (ChemistryLab);Gameplay\Animation\PowderBlendController.cs;PowderBlendController;ResetAndAnimateBlendShapes;37;10;2;2;809;44.1
3D (ChemistryLab);Gameplay\Animation\PowderBlendController.cs;PowderBlendController;AnimateBlendShapesSoluble;8;1;0;0;276.5;63.1
3D (ChemistryLab);Gameplay\Animation\PowderBlendController.cs;PowderBlendController;AnimateBlendShapesInsolubleAbove;8;1;0;0;291.4;62.9
3D (ChemistryLab);Gameplay\Animation\PowderBlendController.cs;PowderBlendController;AnimateBlendShapesInsolubleBelow;7;1;0;0;224.7;65
3D (ChemistryLab);Gameplay\Animation\PowderBlendController.cs;PowderBlendController;AnimateBlendShapesA;8;1;0;0;258.6;63.3
3D (ChemistryLab);Gameplay\Animation\PowderBlendController.cs;PowderBlendController;AnimateBlendShapesV;8;1;0;0;258.6;63.3
3D (ChemistryLab);Gameplay\Animation\PowderBlendController.cs;PowderBlendController;UpdateSphereMaterialForUseInAnalytics;4;1;0;2;28.5;76.5
3D (ChemistryLab);Gameplay\Animation\PowderBlendController.cs;PowderBlendController;UpdateSphereColor;177;14;3;2;9835.6;21.1
3D (ChemistryLab);Gameplay\Animation\PowderBlendController.cs;PowderBlendController;ResetSkinnedMeshRenderer;10;2;2;0;210.9;61.6
3D (ChemistryLab);Gameplay\Animation\PowderBlendShapeController.cs;PowderBlendShapeController2;Start;43;7;4;0;933.5;42.6
3D (ChemistryLab);Gameplay\Animation\PowderBlendShapeController.cs;PowderBlendShapeController2;UpdateBlendShapes;24;3;2;2;422.3;51.1
3D (ChemistryLab);Gameplay\Animation\PowderBlendShapeController.cs;PowderBlendShapeController2;ResetAndAnimateBlendShapes;37;10;2;2;782.3;44.2
3D (ChemistryLab);Gameplay\Animation\PowderBlendShapeController.cs;PowderBlendShapeController2;AnimateBlendShapesSoluble;8;1;0;0;233.4;63.6
3D (ChemistryLab);Gameplay\Animation\PowderBlendShapeController.cs;PowderBlendShapeController2;AnimateBlendShapeSmooth;34;4;2;4;839.6;45.6
3D (ChemistryLab);Gameplay\Animation\PowderBlendShapeController.cs;PowderBlendShapeController2;AnimateBlendShapesInsolubleAbove;8;1;0;0;247.6;63.4
3D (ChemistryLab);Gameplay\Animation\PowderBlendShapeController.cs;PowderBlendShapeController2;AnimateBlendShapesInsolubleBelow;7;1;0;0;183.5;65.6
3D (ChemistryLab);Gameplay\Animation\PowderBlendShapeController.cs;PowderBlendShapeController2;AnimateBlendShapeToAndFrom;38;4;2;2;928.1;44.2
3D (ChemistryLab);Gameplay\Animation\PowderBlendShapeController.cs;PowderBlendShapeController2;AnimateBlendShapesA;8;1;0;0;216.1;63.8
3D (ChemistryLab);Gameplay\Animation\PowderBlendShapeController.cs;PowderBlendShapeController2;AnimateBlendShapesV;8;1;0;0;216.1;63.8
3D (ChemistryLab);Gameplay\Animation\PowderBlendShapeController.cs;PowderBlendShapeController2;AnimateBlendShape;22;3;2;2;567.8;51
3D (ChemistryLab);Gameplay\Animation\PowderBlendShapeController.cs;PowderBlendShapeController2;AnimateBlendShapeWithOneSec;22;3;2;2;567.8;51
3D (ChemistryLab);Gameplay\Animation\PowderBlendShapeController.cs;PowderBlendShapeController2;AnimateBlendShapeAfterCondition;16;3;2;4;328.3;55.7
3D (ChemistryLab);Gameplay\Animation\PowderBlendShapeController.cs;PowderBlendShapeController2;FadeOutPowder;13;2;2;0;389.8;57.3
3D (ChemistryLab);Gameplay\Animation\PowderBlendShapeController.cs;PowderBlendShapeController2;ResetAllBlendShapes;11;3;4;0;262.6;59.9
3D (ChemistryLab);Gameplay\Animation\PowderBlendShapeController.cs;PowderBlendShapeController2;UpdateSphereMaterialForUseInAnalytics;4;1;0;2;28.5;76.5
3D (ChemistryLab);Gameplay\Animation\PowderBlendShapeController.cs;PowderBlendShapeController2;UpdateSphereColor;177;14;3;2;9655.9;21.2
3D (ChemistryLab);Gameplay\Animation\PowderBlendShapeController.cs;PowderBlendShapeController2;TransitionColor;16;2;2;2;338.6;55.8
3D (ChemistryLab);Gameplay\Animation\PowderBlendShapeController.cs;PowderBlendShapeController2;ResetSkinnedMeshRenderer;10;2;2;0;210.9;61.6
3D (ChemistryLab);Gameplay\Animation\PowderBlendShapeController.cs;PowderBlendShapeController2;ResetMaterialProperties;21;2;2;0;766.4;50.7
3D (ChemistryLab);Gameplay\Animation\PowderBlendShapeController.cs;PowderBlendShapeController2;AnimateLiquidGrowth;28;2;2;0;700;48.2
3D (ChemistryLab);Gameplay\Animation\PowderBlendShapeController.cs;PowderBlendShapeController2;TransitionColorAndAnimateGrowth;33;5;4;3;766.1;46
3D (ChemistryLab);Gameplay\Chemistry\GameControllerChemical.cs;GameControllerChemical;Start;13;1;0;0;258.6;58.7
3D (ChemistryLab);Gameplay\Chemistry\GameControllerChemical.cs;GameControllerChemical;ConfiguratingCompoundBottlesInGUI;14;3;4;0;391.7;56.4
3D (ChemistryLab);Gameplay\Chemistry\GameControllerChemical.cs;GameControllerChemical;ConfiguratingSolventBottlesInGUI;13;3;4;0;391.7;57.1
3D (ChemistryLab);Gameplay\Chemistry\GameControllerChemical.cs;GameControllerChemical;InstantiateAllSolutionsBottlesInGUI;31;4;6;0;784.5;46.7
3D (ChemistryLab);Gameplay\Chemistry\GameControllerChemical.cs;GameControllerChemical;InstantiateSolutionBottleInGUI;28;3;4;1;679.4;48.2
3D (ChemistryLab);Gameplay\Chemistry\GameControllerChemical.cs;GameControllerChemical;DebugSolutionsList;14;4;4;0;284.3;57.3
3D (ChemistryLab);Gameplay\Chemistry\GameControllerChemical.cs;GameControllerChemical;PerformReaction;15;3;2;2;322.1;56.4
3D (ChemistryLab);Gameplay\Chemistry\GameControllerChemical.cs;GameControllerChemical;FindReactionResult;11;4;4;2;171.3;61.1
3D (ChemistryLab);Gameplay\Chemistry\LoadGameManager.cs;LoadGameManager;Instance (prop);1;1;0;0;18.1;91.1
3D (ChemistryLab);Gameplay\Chemistry\LoadGameManager.cs;LoadGameManager;CurrentMode (prop);1;1;0;0;18.1;91.1
3D (ChemistryLab);Gameplay\Chemistry\LoadGameManager.cs;LoadGameManager;Awake;12;2;2;0;105.5;62
3D (ChemistryLab);Gameplay\Chemistry\LoadGameManager.cs;LoadGameManager;Start;4;1;0;0;15.5;78.4
3D (ChemistryLab);Gameplay\Chemistry\LoadGameManager.cs;LoadGameManager;FindQuestionManager;8;2;2;0;108.4;65.8
3D (ChemistryLab);Gameplay\Chemistry\LoadGameManager.cs;LoadGameManager;StartGame;5;1;0;0;72.3;71.6
3D (ChemistryLab);Gameplay\Chemistry\LoadGameManager.cs;LoadGameManager;LoadSceneAfterDelay;5;1;0;2;64.7;71.9
3D (ChemistryLab);Gameplay\Chemistry\LoadGameManager.cs;LoadGameManager;LoadMode;5;1;0;1;46.6;72.9
3D (ChemistryLab);Gameplay\Chemistry\LoadGameManager.cs;LoadGameManager;GameOver;5;2;0;1;72;71.5
3D (ChemistryLab);Gameplay\Chemistry\ModeSelection.cs;ModeSelection;SelectExperimentMode;4;1;0;0;31.7;76.2
3D (ChemistryLab);Gameplay\Chemistry\ModeSelection.cs;ModeSelection;SelectStudyMode;4;1;0;0;31.7;76.2
3D (ChemistryLab);Gameplay\Chemistry\ModeSelection.cs;ModeSelection;SelectChallengeMode;4;1;0;0;31.7;76.2
3D (ChemistryLab);Gameplay\History\HistoryManager.cs;HistoryManager;Awake;4;1;0;0;38.1;75.7
3D (ChemistryLab);Gameplay\History\HistoryManager.cs;HistoryManager;RecordReactionHistory;5;1;0;5;144.4;69.5
3D (ChemistryLab);Gameplay\History\HistoryManager.cs;HistoryManager;GetReactionHistory;4;1;0;0;11.6;79.3
3D (ChemistryLab);Gameplay\History\HistoryManager.cs;HistoryManager;ShowReactionHistory;29;5;4;0;562.3;48.2
3D (ChemistryLab);Gameplay\History\ReactionHistoryManager.cs;ReactionHistoryManager;RecordReactionHistory;5;1;0;5;144.4;69.5
3D (ChemistryLab);Gameplay\History\ReactionHistoryManager.cs;ReactionHistoryManager;GetReactionHistory;4;1;0;0;11.6;79.3
3D (ChemistryLab);Gameplay\History\ReactionHistoryManager.cs;ReactionHistoryManager;ShowReactionHistory;30;5;4;0;774.7;46.9
3D (ChemistryLab);Gameplay\Player\Player.cs;Player;Player (ctor);5;1;0;1;38;73.6
3D (ChemistryLab);Gameplay\Player\Player.cs;Player;AnswerQuestion;4;1;0;2;11.6;79.3
3D (ChemistryLab);Gameplay\Player\Player.cs;Player;GetPlayerName;4;1;0;0;11.6;79.3
3D (ChemistryLab);Gameplay\Player\Player.cs;Player;GetScore;4;1;0;0;11.6;79.3
3D (ChemistryLab);Gameplay\Player\Player.cs;Player;UpdateScore;4;1;0;1;15.5;78.4
3D (ChemistryLab);Gameplay\Player\PlayerController.cs;PlayerController;Start;8;1;0;0;155.6;64.8
3D (ChemistryLab);Gameplay\Player\PlayerController.cs;PlayerController;Update;6;1;0;0;42;71.5
3D (ChemistryLab);Gameplay\Player\PlayerController.cs;PlayerController;ConfigureAgent;6;1;0;0;71.7;69.9
3D (ChemistryLab);Gameplay\Player\PlayerController.cs;PlayerController;CheckForMovementInput;12;3;4;0;236.8;59.4
3D (ChemistryLab);Gameplay\Player\PlayerController.cs;PlayerController;UpdateAnimation;7;2;2;0;92;67.5
3D (ChemistryLab);Gameplay\Player\PlayerController.cs;PlayerController;RotateTowardsMovementDirection;9;3;2;0;278.8;61.7
3D (ChemistryLab);Gameplay\Player\PlayerUIController.cs;PlayerUIController;Start;4;1;0;0;2;84.6
3D (ChemistryLab);Gameplay\Player\PlayerUIController.cs;PlayerUIController;SelectAnswer;6;1;0;1;2;80.8
3D (ChemistryLab);Gameplay\Player\PlayerUIController.cs;PlayerUIController;UpdateQuestion;4;1;0;0;2;84.6
3D (ChemistryLab);Gameplay\Questions\BasicSceneLoader.cs;BasicSceneLoader;LoadMainMenu;4;1;0;0;28.5;76.5
3D (ChemistryLab);Gameplay\Questions\BasicSceneLoader.cs;BasicSceneLoader;LoadMode1;6;1;0;0;76.1;69.7
3D (ChemistryLab);Gameplay\Questions\BasicSceneLoader.cs;BasicSceneLoader;LoadMode2;5;1;0;0;76.1;71.4
3D (ChemistryLab);Gameplay\Questions\BasicSceneLoader.cs;BasicSceneLoader;LoadMode3;5;1;0;0;76.1;71.4
3D (ChemistryLab);Gameplay\Questions\BasicSceneLoader.cs;BasicSceneLoader;LoadLabScene;4;1;0;0;28.5;76.5
3D (ChemistryLab);Gameplay\Questions\BasicSceneLoader.cs;BasicSceneLoader;LoadSelectionMode;4;1;0;0;28.5;76.5
3D (ChemistryLab);Gameplay\Questions\BasicSceneLoader.cs;BasicSceneLoader;LoadStore;4;1;0;0;28.5;76.5
3D (ChemistryLab);Gameplay\Questions\BasicSceneLoader.cs;BasicSceneLoader;BuyThisItem;4;1;0;0;28.5;76.5
3D (ChemistryLab);Gameplay\Questions\BasicSceneLoader.cs;BasicSceneLoader;SeeNextItem;5;1;0;0;28.5;74.4
3D (ChemistryLab);Gameplay\Questions\BasicSceneLoader.cs;BasicSceneLoader;SeePreviousItem;4;1;0;0;28.5;76.5
3D (ChemistryLab);Gameplay\Questions\ChallengeModeQuestions.cs;ChallengeModeQuestions;LoadQuestions;8;1;0;0;214.1;63.8
3D (ChemistryLab);Gameplay\Questions\ExperimentModeQuestions.cs;ExperimentModeQuestions;LoadQuestions;8;1;0;0;214.1;63.8
3D (ChemistryLab);Gameplay\Questions\QuestionLoader.cs;QuestionLoader;LoadQuestions;113;1;0;0;2244.7;31.6
3D (ChemistryLab);Gameplay\Questions\QuestionLoader.cs;QuestionLoader;SelectRandomQuestion;14;2;2;0;206.3;58.5
3D (ChemistryLab);Gameplay\Questions\QuestionLoader.cs;QuestionLoader;RemoveCurrentQuestion;9;3;2;0;138.3;63.8
3D (ChemistryLab);Gameplay\Questions\QuestionLoader.cs;QuestionLoader;GetRemainingQuestionCount;4;1;0;0;19.7;77.7
3D (ChemistryLab);Gameplay\Questions\QuestionLoader.cs;QuestionLoader;GetCurrentQuestionCompoundId;4;2;0;0;51.8;74.6
3D (ChemistryLab);Gameplay\Questions\QuestionManager.cs;QuestionManager;Start;4;1;0;0;15.5;78.4
3D (ChemistryLab);Gameplay\Questions\QuestionManager.cs;QuestionManager;InitializeGame;6;1;0;0;66.6;70.1
3D (ChemistryLab);Gameplay\Questions\QuestionManager.cs;QuestionManager;ShowNextQuestion;12;2;2;0;145.9;61
3D (ChemistryLab);Gameplay\Questions\QuestionManager.cs;QuestionManager;CheckAnswer;41;5;4;1;939.1;43.3
3D (ChemistryLab);Gameplay\Questions\QuestionManager.cs;QuestionManager;VerifyAnswer;6;1;0;1;78.1;69.6
3D (ChemistryLab);Gameplay\Questions\QuestionManager.cs;QuestionManager;ResetAnswerState;9;1;0;0;15.5;70.7
3D (ChemistryLab);Gameplay\Questions\QuestionManager.cs;QuestionManager;PlayNextQuestion;23;2;2;0;365.4;52.1
3D (ChemistryLab);Gameplay\Questions\QuestionManager.cs;QuestionManager;ReplayCurrentQuestion;7;1;0;0;72.6;68.4
3D (ChemistryLab);Gameplay\Questions\QuestionManager.cs;QuestionManager;DelayedReplay;13;1;0;0;250.8;58.8
3D (ChemistryLab);Gameplay\Questions\QuestionManager.cs;QuestionManager;ResetGameState;6;1;0;0;50.2;71
3D (ChemistryLab);Gameplay\Questions\QuestionManager.cs;QuestionManager;OnSolventSelected;10;2;2;1;153.7;62.6
3D (ChemistryLab);Gameplay\Questions\QuestionManager.cs;QuestionManager;MixCompoundAndSolvent;51;6;5;2;1692;39.3
3D (ChemistryLab);Gameplay\Questions\QuestionManager.cs;QuestionManager;ShowPopupTextWithDelay;6;1;0;1;59.2;70.5
3D (ChemistryLab);Gameplay\Questions\QuestionManager.cs;QuestionManager;GetMixDescription;79;19;4;1;1626.7;33.6
3D (ChemistryLab);Gameplay\Questions\QuestionManager.cs;QuestionManager;ReturnToModeSelection;4;1;0;0;28.5;76.5
3D (ChemistryLab);Gameplay\Questions\QuestionManager.cs;QuestionManager;DisplayMixResult;4;1;0;1;105.5;72.6
3D (ChemistryLab);Gameplay\Questions\QuestionManager.cs;QuestionManager;DisplayMixDescription;7;1;0;1;126.7;66.7
3D (ChemistryLab);Gameplay\Questions\QuestionManager.cs;QuestionManager;OpenHistoryPanel;5;1;0;0;46.5;72.9
3D (ChemistryLab);Gameplay\Questions\StudyModeQuestions.cs;StudyModeQuestions;LoadQuestions;8;1;0;0;214.1;63.8
3D (ChemistryLab);Json\SubstanceManager.cs;SubstanceManager;Awake;6;1;0;0;42;71.5
3D (ChemistryLab);Json\SubstanceManager.cs;SubstanceManager;LoadSolvents;17;3;4;0;377.4;54.7
3D (ChemistryLab);Json\SubstanceManager.cs;SubstanceManager;LoadCompounds;17;3;4;0;377.4;54.7
3D (ChemistryLab);Json\SubstanceManager.cs;SubstanceManager;LoadSolubility;17;3;4;0;377.4;54.7
3D (ChemistryLab);Json\SubstanceManager.cs;SubstanceManager;ConvertDataToSubstanceSolvent;6;1;0;1;230.7;66.3
3D (ChemistryLab);Json\SubstanceManager.cs;SubstanceManager;ConvertDataToSubstanceCompound;8;1;0;1;296.1;62.9
3D (ChemistryLab);Json\SubstanceManager.cs;SubstanceManager;ConvertDataToSubstanceSolution;8;1;0;1;296.1;62.9
3D (ChemistryLab);Json\SubstanceManager.cs;SubstanceManager;ConvertToColor;10;2;2;1;135.9;63
3D (ChemistryLab);Json\SubstanceManager.cs;SubstanceManager;ConvertToPhysicalState;8;2;2;1;176.4;64.3
3D (ChemistryLab);Json\SubstanceManager.cs;SubstanceManager;ConvertToGroupName;8;2;2;1;176.4;64.3
3D (ChemistryLab);Json\SubstanceManager.cs;SubstanceManager;ConvertToSolubilityResults;8;2;2;1;176.4;64.3
3D (ChemistryLab);Json\SubstanceManager.cs;SubstanceManager;AddCompound;19;3;4;1;408.4;53.4
3D (ChemistryLab);Json\SubstanceManager.cs;SubstanceManager;SaveCompounds;5;1;0;0;84;71.1
3D (ChemistryLab);Json\SubstanceManager.cs;SubstanceManager;AddSolvent;16;3;4;1;264.7;56.4
3D (ChemistryLab);Json\SubstanceManager.cs;SubstanceManager;SaveSolvents;5;1;0;0;94;70.8
3D (ChemistryLab);Json\SubstanceManager.cs;SubstanceManager;AddSolubility;35;5;2;1;875.2;45
3D (ChemistryLab);Json\SubstanceManager.cs;SubstanceManager;SolubilityCombinationExists;9;4;3;2;153.7;63.3
3D (ChemistryLab);Json\SubstanceManager.cs;SubstanceManager;SolubilityIdExists;9;3;3;1;112.6;64.4
3D (ChemistryLab);Json\SubstanceManager.cs;SubstanceManager;SaveSolubilities;5;1;0;0;94;70.8
3D (ChemistryLab);Json\SubstanceManager.cs;SubstanceManager;FindSolventByName;9;2;2;1;236.8;62.3
3D (ChemistryLab);Json\SubstanceManager.cs;SubstanceManager;FindSolventById;9;2;2;1;196.2;62.9
3D (ChemistryLab);Json\SubstanceManager.cs;SubstanceManager;FindCompoundByName;9;2;2;1;236.8;62.3
3D (ChemistryLab);Json\SubstanceManager.cs;SubstanceManager;FindCompoundById;9;2;2;1;196.2;62.9
3D (ChemistryLab);Json\SubstanceManager.cs;SubstanceManager;FindSolutionByName;9;2;2;1;236.8;62.3
3D (ChemistryLab);Json\SubstanceManager.cs;SubstanceManager;FindSolutionById;9;2;2;1;196.2;62.9
3D (ChemistryLab);Json\SubstanceManager.cs;SubstanceManager;FindSolutionByCompoundAndSolvent;9;3;2;2;255.4;61.9
3D (ChemistryLab);Json\SubstanceManager.cs;SubstanceManager;PrintAllSolvents;7;2;2;0;74;68.2
3D (ChemistryLab);Json\SubstanceManager.cs;SubstanceManager;PrintAllCompounds;7;2;2;0;74;68.2
3D (ChemistryLab);Json\SubstanceManager.cs;SubstanceManager;PrintAllSolutions;7;2;2;0;74;68.2
3D (ChemistryLab);Json\SubstanceManager.cs;SubstanceManager;PrintSolventDetails;12;2;2;1;203.6;60
3D (ChemistryLab);Json\SubstanceManager.cs;SubstanceManager;PrintCompoundDetails;12;2;2;1;203.6;60
3D (ChemistryLab);Json\SubstanceManager.cs;SubstanceManager;PrintSolutionDetails;12;2;2;1;203.6;60
3D (ChemistryLab);Json\SubstanceManager.cs;SubstanceManager;UpdateCompound;24;2;2;8;627.8;50
3D (ChemistryLab);Json\SubstanceManager.cs;SubstanceManager;UpdateCompoundInListAndFile;20;3;4;1;490;52.4
3D (ChemistryLab);Json\SubstanceManager.cs;SubstanceManager;UpdateSolvent;23;2;2;7;632.2;50.4
3D (ChemistryLab);Json\SubstanceManager.cs;SubstanceManager;UpdateSolventInListAndFile;20;3;4;1;490;52.4
3D (ChemistryLab);Json\SubstanceManager.cs;SubstanceManager;UpdateSolution;23;2;2;8;627.8;50.4
3D (ChemistryLab);Json\SubstanceManager.cs;SubstanceManager;UpdateSolutionInListAndFile;20;3;4;1;490;52.4
3D (ChemistryLab);Json\SubstanceManager.cs;SubstanceManager;DeleteCompoundById;19;3;2;1;456.3;53.1
3D (ChemistryLab);Json\SubstanceManager.cs;SubstanceManager;DeleteSolventById;19;3;2;1;456.3;53.1
3D (ChemistryLab);Json\SubstanceManager.cs;SubstanceManager;DeleteSolutionById;19;3;2;1;456.3;53.1
3D (ChemistryLab);Json\SubstanceManager.cs;SubstanceManager;FindSolutionInListCache;12;4;4;2;199;59.8
3D (ChemistryLab);Json\SubstanceManagerTest.cs;SubstanceManagerTest;Start;36;2;2;0;72.3;52.8
3D (ChemistryLab);Json\SubstanceManagerTest.cs;SubstanceManagerTest;TestAddCompound;16;1;0;0;233.2;57
3D (ChemistryLab);Json\SubstanceManagerTest.cs;SubstanceManagerTest;TestAddSolvent;15;1;0;0;209.2;58
3D (ChemistryLab);Json\SubstanceManagerTest.cs;SubstanceManagerTest;TestAddSolubility;16;1;0;0;233.2;57
3D (ChemistryLab);Json\SubstanceManagerTest.cs;SubstanceManagerTest;TestFindSolventByName;10;2;1;0;232.2;61.4
3D (ChemistryLab);Json\SubstanceManagerTest.cs;SubstanceManagerTest;TestFindSolventById;10;2;1;0;232.2;61.4
3D (ChemistryLab);Json\SubstanceManagerTest.cs;SubstanceManagerTest;TestFindCompoundByName;10;2;1;0;232.2;61.4
3D (ChemistryLab);Json\SubstanceManagerTest.cs;SubstanceManagerTest;TestFindCompoundById;10;2;1;0;232.2;61.4
3D (ChemistryLab);Json\SubstanceManagerTest.cs;SubstanceManagerTest;TestFindSolutionByName;10;2;1;0;232.2;61.4
3D (ChemistryLab);Json\SubstanceManagerTest.cs;SubstanceManagerTest;TestFindSolutionById;10;2;1;0;232.2;61.4
3D (ChemistryLab);Json\SubstanceManagerTest.cs;SubstanceManagerTest;TestPrintAllCompounds;4;1;0;0;24;77.1
3D (ChemistryLab);Json\SubstanceManagerTest.cs;SubstanceManagerTest;TestPrintAllSolvents;4;1;0;0;24;77.1
3D (ChemistryLab);Json\SubstanceManagerTest.cs;SubstanceManagerTest;TestPrintAllSolutions;4;1;0;0;24;77.1
3D (ChemistryLab);Json\SubstanceManagerTest.cs;SubstanceManagerTest;TestUpdateCompound;5;1;0;0;129.7;69.8
3D (ChemistryLab);Json\SubstanceManagerTest.cs;SubstanceManagerTest;TestUpdateSolvent;5;1;0;0;118.9;70.1
3D (ChemistryLab);Json\SubstanceManagerTest.cs;SubstanceManagerTest;TestUpdateSolution;5;1;0;0;129.7;69.8
3D (ChemistryLab);Json\SubstanceManagerTest.cs;SubstanceManagerTest;TestDeleteCompound;5;1;0;0;50.2;72.7
3D (ChemistryLab);Json\SubstanceManagerTest.cs;SubstanceManagerTest;TestDeleteSolvent;5;1;0;0;50.2;72.7
3D (ChemistryLab);Json\SubstanceManagerTest.cs;SubstanceManagerTest;TestDeleteSolution;5;1;0;0;50.2;72.7
3D (ChemistryLab);Models\Question.cs;Question;Question (ctor);12;1;0;7;228.9;59.8
3D (ChemistryLab);Models\Question.cs;Question;GetId;4;1;0;0;11.6;79.3
3D (ChemistryLab);Models\Question.cs;Question;GetDescription;4;1;0;0;11.6;79.3
3D (ChemistryLab);Models\Question.cs;Question;GetAlternatives;4;1;0;0;43;75.3
3D (ChemistryLab);Models\Question.cs;Question;GetCorrectAnswer;4;1;0;0;11.6;79.3
3D (ChemistryLab);Models\Question.cs;Question;GetHint;4;1;0;0;11.6;79.3
3D (ChemistryLab);Models\Question.cs;Question;GetFeedback;4;1;0;0;11.6;79.3
3D (ChemistryLab);Models\Question.cs;Question;CheckAnswer;4;1;0;1;19.7;77.7
3D (ChemistryLab);Models\Question.cs;Question;GetIsCompleted;4;1;0;0;11.6;79.3
3D (ChemistryLab);Models\Question.cs;Question;GetPointsEarned;4;1;0;0;11.6;79.3
3D (ChemistryLab);Models\Question.cs;Question;MarkAsCompleted;5;1;0;1;30;74.3
3D (ChemistryLab);Models\ReactionHistoryEntry.cs;ReactionHistoryEntry;ReactionHistoryEntry (ctor);9;1;0;5;164.1;63.5
3D (ChemistryLab);Models\SubstanceCompound.cs;SubstanceCompound;SubstanceCompound (ctor);11;1;0;8;195.3;61.1
3D (ChemistryLab);Models\SubstanceCompound.cs;SubstanceCompound;GetId;4;1;0;0;11.6;79.3
3D (ChemistryLab);Models\SubstanceCompound.cs;SubstanceCompound;GetCompoundName;4;1;0;0;11.6;79.3
3D (ChemistryLab);Models\SubstanceCompound.cs;SubstanceCompound;GetColor;4;1;0;0;11.6;79.3
3D (ChemistryLab);Models\SubstanceCompound.cs;SubstanceCompound;GetState;4;1;0;0;11.6;79.3
3D (ChemistryLab);Models\SubstanceCompound.cs;SubstanceCompound;GetDensity;4;1;0;0;11.6;79.3
3D (ChemistryLab);Models\SubstanceCompound.cs;SubstanceCompound;GetGroupName;4;1;0;0;11.6;79.3
3D (ChemistryLab);Models\SubstanceCompound.cs;SubstanceCompound;GetMeltingPoint;4;1;0;0;11.6;79.3
3D (ChemistryLab);Models\SubstanceCompound.cs;SubstanceCompound;GetBoilingPoint;4;1;0;0;11.6;79.3
3D (ChemistryLab);Models\SubstanceCompound.cs;SubstanceCompound;GetInfo;4;1;0;0;144.3;71.6
3D (ChemistryLab);Models\SubstanceCompound.cs;SubstanceCompound;UpdateCompound;11;1;0;8;200;61
3D (ChemistryLab);Models\SubstanceCompoundExtension.cs;SubstanceCompoundExtension;ToCompoundData;15;1;0;1;507.8;55.3
3D (ChemistryLab);Models\SubstanceSolution.cs;SubstanceSolution;SubstanceSolution (ctor);11;1;0;8;200;61
3D (ChemistryLab);Models\SubstanceSolution.cs;SubstanceSolution;GetId;1;1;0;0;2;97.8
3D (ChemistryLab);Models\SubstanceSolution.cs;SubstanceSolution;GetSolventId;1;1;0;0;2;97.8
3D (ChemistryLab);Models\SubstanceSolution.cs;SubstanceSolution;GetCompoundId;1;1;0;0;2;97.8
3D (ChemistryLab);Models\SubstanceSolution.cs;SubstanceSolution;GetSolutionName;1;1;0;0;2;97.8
3D (ChemistryLab);Models\SubstanceSolution.cs;SubstanceSolution;GetColor;1;1;0;0;2;97.8
3D (ChemistryLab);Models\SubstanceSolution.cs;SubstanceSolution;GetState;1;1;0;0;2;97.8
3D (ChemistryLab);Models\SubstanceSolution.cs;SubstanceSolution;GetDensity;1;1;0;0;2;97.8
3D (ChemistryLab);Models\SubstanceSolution.cs;SubstanceSolution;GetSolubilityResult;1;1;0;0;2;97.8
3D (ChemistryLab);Models\SubstanceSolution.cs;SubstanceSolution;GetInfo;4;1;0;0;167.5;71.2
3D (ChemistryLab);Models\SubstanceSolution.cs;SubstanceSolution;UpdateSolution;11;1;0;8;200;61
3D (ChemistryLab);Models\SubstanceSolutionExtension.cs;SubstanceSolutionExtension;ToSolutionData;14;1;0;1;507.8;55.9
3D (ChemistryLab);Models\SubstanceSolvent.cs;SubstanceSolvent;SubstanceSolvent (ctor);10;1;0;7;167.5;62.5
3D (ChemistryLab);Models\SubstanceSolvent.cs;SubstanceSolvent;GetId;4;1;0;0;11.6;79.3
3D (ChemistryLab);Models\SubstanceSolvent.cs;SubstanceSolvent;GetCompoundName;4;1;0;0;11.6;79.3
3D (ChemistryLab);Models\SubstanceSolvent.cs;SubstanceSolvent;GetColor;4;1;0;0;11.6;79.3
3D (ChemistryLab);Models\SubstanceSolvent.cs;SubstanceSolvent;GetState;4;1;0;0;11.6;79.3
3D (ChemistryLab);Models\SubstanceSolvent.cs;SubstanceSolvent;GetDensity;4;1;0;0;11.6;79.3
3D (ChemistryLab);Models\SubstanceSolvent.cs;SubstanceSolvent;GetMeltingPoint;4;1;0;0;11.6;79.3
3D (ChemistryLab);Models\SubstanceSolvent.cs;SubstanceSolvent;GetBoilingPoint;4;1;0;0;11.6;79.3
3D (ChemistryLab);Models\SubstanceSolvent.cs;SubstanceSolvent;GetInfo;4;1;0;0;144.3;71.6
3D (ChemistryLab);Models\SubstanceSolvent.cs;SubstanceSolvent;UpdateSolvent;10;1;0;7;171.9;62.4
3D (ChemistryLab);Models\SubstanceSolventExtension.cs;SubstanceSolventExtension;ToSolventData;13;1;0;1;395;57.4
3D (ChemistryLab);New Visuals Scripts\UIController.cs;UIController;Start;7;2;2;0;60.9;68.8
3D (ChemistryLab);New Visuals Scripts\UIController.cs;UIController;ShowConfirmationPanel;10;2;2;1;134;63
3D (ChemistryLab);New Visuals Scripts\UIController.cs;UIController;HideConfirmationPanel;7;2;2;0;60.9;68.8
3D (ChemistryLab);New Visuals Scripts\UIController.cs;UIController;OnConfirmAction;5;1;0;0;53.8;72.5
3D (ChemistryLab);New Visuals Scripts\UIController.cs;UIController;OnCancelAction;5;1;0;0;53.8;72.5
3D (ChemistryLab);Systems\SaveSystem\HistorySystem.cs;HistorySystem;Instance (prop);1;1;0;0;18.1;91.1
3D (ChemistryLab);Systems\SaveSystem\HistorySystem.cs;HistorySystem;HistoryEntries (prop);2;1;0;0;18.1;84.5
3D (ChemistryLab);Systems\SaveSystem\HistorySystem.cs;HistorySystem;Awake;12;2;2;0;105.5;62
3D (ChemistryLab);Systems\SaveSystem\HistorySystem.cs;HistorySystem;AddEntry;4;1;0;1;28.5;76.5
3D (ChemistryLab);Systems\SaveSystem\HistorySystem.cs;HistorySystem;ClearHistory;4;1;0;0;24;77.1
3D (ChemistryLab);UI\HUD\ClickingObject.cs;ClickingObject;Update;8;3;2;0;76.1;66.7
3D (ChemistryLab);UI\HUD\ClickingObject.cs;ClickingObject;ChangeScene;4;1;0;1;28.5;76.5
3D (ChemistryLab);UI\HUD\ClickingObject.cs;ClickingObject;OnMouseEnter;7;3;2;0;93.8;67.4
3D (ChemistryLab);UI\HUD\ClickingObject.cs;ClickingObject;OnMouseExit;4;1;0;0;15.5;78.4
3D (ChemistryLab);UI\HUD\ToolTipManager.cs;TooltipManager;Awake;12;2;2;0;105.5;62
3D (ChemistryLab);UI\HUD\ToolTipManager.cs;TooltipManager;ShowTooltip;16;2;2;2;422.3;55.1
3D (ChemistryLab);UI\HUD\ToolTipManager.cs;TooltipManager;HideTooltip;7;2;2;0;49.8;69.4
3D (ChemistryLab);UI\MainMenu\MainMenuManager.cs;MainMenuManager;PlayLoadSceneLevelFromInspector;4;1;0;0;28.5;76.5
3D (ChemistryLab);UI\MainMenu\MainMenuManager.cs;MainMenuManager;OpenOptions;4;1;0;0;28.5;76.5
3D (ChemistryLab);UI\MainMenu\MainMenuManager.cs;MainMenuManager;CloseOptions;4;1;0;0;28.5;76.5
3D (ChemistryLab);UI\MainMenu\MainMenuManager.cs;MainMenuManager;ShowGameDescription;7;1;0;0;230.3;64.9
3D (ChemistryLab);UI\MainMenu\MainMenuManager.cs;MainMenuManager;CloseGameDescription;8;1;1;0;235;63.6
3D (ChemistryLab);UI\MainMenu\MainMenuManager.cs;MainMenuManager;ExitGame;5;1;0;0;51.9;72.6
3D (ChemistryLab);UI\MainMenu\MainMenuManager.cs;MainMenuManager;Start;4;1;0;0;68.5;73.9
3D (ChemistryLab);UI\MainMenu\MenuController.cs;MenuController;ShowError;10;2;2;1;133.4;63
3D (ChemistryLab);UI\MainMenu\MenuController.cs;MenuController;SceneExists;19;4;4;1;356.7;53.7
3D (ChemistryLab);UI\MainMenu\MenuController.cs;MenuController;LoadScene;11;2;2;1;109.4;62.7
3D (ChemistryLab);UI\MainMenu\MenuController.cs;MenuController;LoadExperimentMode;4;1;0;0;19.7;77.7
3D (ChemistryLab);UI\MainMenu\MenuController.cs;MenuController;LoadFreeMode;4;1;0;0;19.7;77.7
3D (ChemistryLab);UI\MainMenu\MenuController.cs;MenuController;LoadStudyHardMode;4;1;0;0;19.7;77.7
3D (ChemistryLab);UI\MainMenu\MenuController.cs;MenuController;ClosePanel;7;2;2;0;60.9;68.8
3D (ChemistryLab);UI\MainMenu\MenuController.cs;MenuController;ReturnToMainMenu;4;1;0;0;28.5;76.5
3D (ChemistryLab);UI\MainMenu\MenuController.cs;MenuController;HideErrorMessage;5;1;0;0;74.2;71.5
3D (ChemistryLab);UI\Panels\CompletionPanelController.cs;CompletionPanelController;OnPlayAgainClicked;5;1;0;0;28.5;74.4
3D (ChemistryLab);UI\Panels\ConfirmationPopup.cs;ConfirmationPopup;Setup;8;1;1;2;237.9;63.5
3D (ChemistryLab);UI\Panels\ConfirmationPopup.cs;ConfirmationPopup;OnConfirm;6;2;0;1;74;69.7
3D (ChemistryLab);UI\Panels\ConfirmationPopup.cs;ConfirmationPopup;ClosePopup;17;2;3;0;280.5;55.7
3D (ChemistryLab);UI\Panels\HistoryItem.cs;HistoryItem;Setup;13;2;2;1;201.7;59.3
3D (ChemistryLab);UI\Panels\HistoryItem.cs;HistoryItem;Awake;7;2;2;0;74.2;68.2
3D (ChemistryLab);UI\Panels\HistoryListManager.cs;HistoryListManager;PopulateHistory;48;10;4;2;1115;40.6
3D (ChemistryLab);UI\Panels\SolventItem.cs;SolventItem;Setup;13;3;2;2;291.5;58
3D (ChemistryLab);UI\Panels\SolventsListManager.cs;SolventSelectionManager;Start;16;6;2;0;237.2;56.3
3D (ChemistryLab);UI\Panels\SolventsListManager.cs;SolventSelectionManager;PopulateSolventList;14;2;2;0;507.4;55.8
3D (ChemistryLab);UI\Panels\SolventsListManager.cs;SolventSelectionManager;ShowConfirmationPopup;13;2;2;1;373.3;57.4
3D (ChemistryLab);UI\Panels\SolventsListManager.cs;SolventSelectionManager;AddSolventToCauldron;14;2;2;1;239.7;58.1
3D (ChemistryLab);UI\Panels\SolventsListManager.cs;SolventSelectionManager;CloseSolventsListPanel;4;1;0;0;24;77.1
3D (ChemistryLab);UI\Panels\SolventsListManager.cs;SolventSelectionManager;CloseAllConfirmationPopups;7;2;2;0;92;67.5
3D (ChemistryLab);UI\Shared\UIManager.cs;UIManager;Awake;4;1;0;0;15.5;78.4
3D (ChemistryLab);UI\Shared\UIManager.cs;UIManager;Start;4;1;0;0;36.5;75.8
3D (ChemistryLab);UI\Shared\UIManager.cs;UIManager;ConfigureDecisionTreeButton;22;3;2;1;475.6;51.6
3D (ChemistryLab);UI\Shared\UIManager.cs;UIManager;SetupGUIEvents;7;1;0;0;166.8;65.9
3D (ChemistryLab);UI\Shared\UIManager.cs;UIManager;DisplayQuestion;5;1;0;2;46.6;72.9
3D (ChemistryLab);UI\Shared\UIManager.cs;UIManager;SetupAnswerButtons;18;3;4;1;574.9;52.9
3D (ChemistryLab);UI\Shared\UIManager.cs;UIManager;OnAnswerButtonClick;8;3;2;1;104.2;65.8
3D (ChemistryLab);UI\Shared\UIManager.cs;UIManager;ClearAnswerButtonsListeners;7;2;2;0;70.3;68.4
3D (ChemistryLab);UI\Shared\UIManager.cs;UIManager;ShowResults;5;2;0;1;79.2;71.2
3D (ChemistryLab);UI\Shared\UIManager.cs;UIManager;TogglePanel;58;12;7;2;1559.3;37.6
3D (ChemistryLab);UI\Shared\UIManager.cs;UIManager;SetPanelActive;12;5;3;2;215.2;59.5
3D (ChemistryLab);UI\Shared\UIManager.cs;UIManager;OpenQuestionPanel;1;1;0;0;19.7;90.8
3D (ChemistryLab);UI\Shared\UIManager.cs;UIManager;CloseQuestionPanel;1;1;0;0;19.7;90.8
3D (ChemistryLab);UI\Shared\UIManager.cs;UIManager;OpenSolventsList;1;1;0;0;19.7;90.8
3D (ChemistryLab);UI\Shared\UIManager.cs;UIManager;CloseSolventsList;1;1;0;0;19.7;90.8
3D (ChemistryLab);UI\Shared\UIManager.cs;UIManager;CloseResultPanel;1;1;0;0;19.7;90.8
3D (ChemistryLab);UI\Shared\UIManager.cs;UIManager;OpenHistoryPanel;6;1;0;0;114.7;68.5
3D (ChemistryLab);UI\Shared\UIManager.cs;UIManager;CloseHistoryPanel;4;1;0;0;28.5;76.5
3D (ChemistryLab);UI\Shared\UIManager.cs;UIManager;OpenWinPanel;1;1;0;0;19.7;90.8
3D (ChemistryLab);UI\Shared\UIManager.cs;UIManager;CloseWinPanel;1;1;0;0;19.7;90.8
3D (ChemistryLab);UI\Shared\UIManager.cs;UIManager;OpenLosePanel;1;1;0;0;19.7;90.8
3D (ChemistryLab);UI\Shared\UIManager.cs;UIManager;CloseLosePanel;1;1;0;0;19.7;90.8
3D (ChemistryLab);UI\Shared\UIManager.cs;UIManager;OpenSettingsPanel;1;1;0;0;19.7;90.8
3D (ChemistryLab);UI\Shared\UIManager.cs;UIManager;CloseSettingsPanel;1;1;0;0;19.7;90.8
3D (ChemistryLab);UI\Shared\UIManager.cs;UIManager;OpenOptionsPanel;1;1;0;0;19.7;90.8
3D (ChemistryLab);UI\Shared\UIManager.cs;UIManager;CloseOptionsPanel;1;1;0;0;19.7;90.8
3D (ChemistryLab);UI\Shared\UIManager.cs;UIManager;OpenDecisionTreePanel;1;1;0;0;19.7;90.8
3D (ChemistryLab);UI\Shared\UIManager.cs;UIManager;CloseDecisionTreePanel;1;1;0;0;19.7;90.8
3D (ChemistryLab);UI\Shared\UIManager.cs;UIManager;CloseAnimationBottleFather;4;1;0;0;28.5;76.5
3D (ChemistryLab);UI\Shared\UIManager.cs;UIManager;ShowPopupText;23;3;4;0;915.2;49.2
3D (ChemistryLab);UI\Shared\UIManager.cs;UIManager;HidePopupText;9;2;2;0;194.5;62.9
3D (ChemistryLab);UI\Shared\UIManager.cs;UIManager;ToggleMixDescriptionPanel;15;2;2;1;266.3;57.1
3D (ChemistryLab);UI\Shared\UIManager.cs;UIManager;ShowMixDescriptionAfterDelay;7;1;0;1;188;65.5
3D (ChemistryLab);UI\Shared\UIManager.cs;UIManager;HideMixDescriptionAfterDelay;5;1;0;1;53.8;72.5
3D (ChemistryLab);UI\Shared\UIManager.cs;UIManager;InitiateReplayButtonDisabledAndAutoEnabled;5;1;0;0;24;75
3D (ChemistryLab);UI\Shared\UIManager.cs;UIManager;UpdateCompoundNameText;12;3;4;1;230.3;59.5
3D (ChemistryLab);UI\Shared\UIManager.cs;UIManager;UpdateMixDescription;9;2;2;1;59.2;66.5
3D (ChemistryLab);UI\Shared\UIManager.cs;UIManager;UpdateLivesStars;6;1;0;1;113.3;68.5
3D (ChemistryLab);Utilities\EnumTranslator.cs;EnumTranslator;TranslateSolubilityResult;20;7;1;1;305.5;53.3
3D (ChemistryLab);Utilities\EnumTranslator.cs;EnumTranslator;TranslatePhysicalState;14;4;1;1;177.2;58.7
3D (ChemistryLab);Utilities\EnumTranslator.cs;EnumTranslator;ParseSolubilityResult;26;12;1;1;480.8;48.7
3D (ChemistryLab);Utilities\EnumTranslator.cs;EnumTranslator;ParsePhysicalState;18;7;1;1;302.9;54.3
3D (ChemistryLab);View\BottleObjectCompound.cs;BottleObjectCompound;ConfigureCompound;11;2;2;1;261.3;60.1
3D (ChemistryLab);View\BottleObjectCompound.cs;BottleObjectCompound;GetId;4;1;0;0;28.5;76.5
3D (ChemistryLab);View\BottleObjectCompound.cs;BottleObjectCompound;GetCompoundName;4;1;0;0;28.5;76.5
3D (ChemistryLab);View\BottleObjectCompound.cs;BottleObjectCompound;GetColor;4;1;0;0;28.5;76.5
3D (ChemistryLab);View\BottleObjectCompound.cs;BottleObjectCompound;GetState;4;1;0;0;28.5;76.5
3D (ChemistryLab);View\BottleObjectCompound.cs;BottleObjectCompound;GetGroupName;4;1;0;0;28.5;76.5
3D (ChemistryLab);View\BottleObjectCompound.cs;BottleObjectCompound;GetDensity;4;1;0;0;28.5;76.5
3D (ChemistryLab);View\BottleObjectCompound.cs;BottleObjectCompound;GetMeltingPoint;4;1;0;0;28.5;76.5
3D (ChemistryLab);View\BottleObjectCompound.cs;BottleObjectCompound;GetBoilingPoint;4;1;0;0;28.5;76.5
3D (ChemistryLab);View\BottleObjectCompound.cs;BottleObjectCompound;GetInfo;4;1;0;0;144.3;71.6
3D (ChemistryLab);View\BottleObjectCompound.cs;BottleObjectCompound;GetThermalProperties;4;1;0;0;42;75.4
3D (ChemistryLab);View\BottleObjectSolution.cs;BottleSolutionObject;ConfigureSolution;6;1;0;1;60.9;70.4
3D (ChemistryLab);View\BottleObjectSolution.cs;BottleSolutionObject;ApplyColorToMaterial;8;2;2;1;125.1;65.3
3D (ChemistryLab);View\BottleObjectSolution.cs;BottleSolutionObject;GetId;4;1;0;0;28.5;76.5
3D (ChemistryLab);View\BottleObjectSolution.cs;BottleSolutionObject;GetSolutionName;4;1;0;0;28.5;76.5
3D (ChemistryLab);View\BottleObjectSolution.cs;BottleSolutionObject;GetSolventId;4;1;0;0;28.5;76.5
3D (ChemistryLab);View\BottleObjectSolution.cs;BottleSolutionObject;GetCompoundId;4;1;0;0;28.5;76.5
3D (ChemistryLab);View\BottleObjectSolution.cs;BottleSolutionObject;GetColor;4;1;0;0;28.5;76.5
3D (ChemistryLab);View\BottleObjectSolution.cs;BottleSolutionObject;GetState;4;1;0;0;28.5;76.5
3D (ChemistryLab);View\BottleObjectSolution.cs;BottleSolutionObject;GetDensity;4;1;0;0;28.5;76.5
3D (ChemistryLab);View\BottleObjectSolution.cs;BottleSolutionObject;GetSolubilityResult;4;1;0;0;28.5;76.5
3D (ChemistryLab);View\BottleObjectSolution.cs;BottleSolutionObject;GetInfo;21;1;0;0;296.3;53.7
3D (ChemistryLab);View\BottleObjectSolvent.cs;BottleObjectSolvent;ConfigureSolvent;11;2;2;1;248.8;60.2
3D (ChemistryLab);View\BottleObjectSolvent.cs;BottleObjectSolvent;GetId;4;1;0;0;28.5;76.5
3D (ChemistryLab);View\BottleObjectSolvent.cs;BottleObjectSolvent;GetCompoundName;4;1;0;0;28.5;76.5
3D (ChemistryLab);View\BottleObjectSolvent.cs;BottleObjectSolvent;GetColor;4;1;0;0;28.5;76.5
3D (ChemistryLab);View\BottleObjectSolvent.cs;BottleObjectSolvent;GetState;4;1;0;0;28.5;76.5
3D (ChemistryLab);View\BottleObjectSolvent.cs;BottleObjectSolvent;GetDensity;4;1;0;0;28.5;76.5
3D (ChemistryLab);View\BottleObjectSolvent.cs;BottleObjectSolvent;GetMeltingPoint;4;1;0;0;28.5;76.5
3D (ChemistryLab);View\BottleObjectSolvent.cs;BottleObjectSolvent;GetBoilingPoint;4;1;0;0;28.5;76.5
3D (ChemistryLab);View\BottleObjectSolvent.cs;BottleObjectSolvent;GetInfo;4;1;0;0;144.3;71.6
3D (ChemistryLab);View\BottleObjectSolvent.cs;BottleObjectSolvent;GetThermalProperties;4;1;0;0;42;75.4
3D (ChemistryLab);X-Deprecated\CameraMovement.cs;CameraMovement;Start;4;1;0;0;15.5;78.4
3D (ChemistryLab);X-Deprecated\CameraMovement.cs;CameraMovement;Update;8;2;2;0;50.7;68.1
3D (ChemistryLab);X-Deprecated\CameraMovement.cs;CameraMovement;InitializeCamera;9;2;2;0;133.4;64
3D (ChemistryLab);X-Deprecated\CameraMovement.cs;CameraMovement;HandleInput;7;3;2;0;76.1;68
3D (ChemistryLab);X-Deprecated\CameraMovement.cs;CameraMovement;TryStartZoomingIn;10;4;2;0;237.7;61
3D (ChemistryLab);X-Deprecated\CameraMovement.cs;CameraMovement;StartZoomingIn;11;1;0;1;122.6;62.5
3D (ChemistryLab);X-Deprecated\CameraMovement.cs;CameraMovement;CalculateTargetPosition;8;1;0;0;159.9;64.7
3D (ChemistryLab);X-Deprecated\CameraMovement.cs;CameraMovement;CalculateTargetRotation;9;1;0;0;203.6;62.9
3D (ChemistryLab);X-Deprecated\CameraMovement.cs;CameraMovement;ProcessZooming;11;3;3;0;79.6;63.6
3D (ChemistryLab);X-Deprecated\CameraMovement.cs;CameraMovement;ZoomTowardsTarget;15;3;2;0;575.1;54.6
3D (ChemistryLab);X-Deprecated\CameraMovement.cs;CameraMovement;ReturnToOriginalState;15;3;2;0;570;54.6
3D (ChemistryLab);X-Deprecated\CameraMovement.cs;CameraMovement;OnZoomOutButtonPressed;6;1;0;0;44.4;71.4
3D (ChemistryLab);X-Deprecated\ClickTesting.cs;ClickTesting;Start;5;1;0;0;15.5;76.3
3D (ChemistryLab);X-Deprecated\ClickTesting.cs;ClickTesting;Update;10;3;4;0;112;63.4
3D (ChemistryLab);X-Deprecated\ClickTesting.cs;ClickTesting;OnMouseEnter;4;1;0;0;15.5;78.4
3D (ChemistryLab);X-Deprecated\ClickTesting.cs;ClickTesting;OnMouseExit;3;1;0;0;15.5;81.1
3D (ChemistryLab);X-Deprecated\OutlineObject.cs;OutlineObject;Start;12;2;2;0;153.7;60.9
3D (ChemistryLab);X-Deprecated\OutlineObject.cs;OutlineObject;OnMouseEnter;7;2;2;0;59.2;68.9
3D (ChemistryLab);X-Deprecated\OutlineObject.cs;OutlineObject;OnMouseExit;4;1;0;0;24;77.1
3D (ChemistryLab);X-Deprecated\OutlineObject.cs;OutlineObject;OnMouseDown;13;3;2;0;161.4;59.8
