projeto;arquivo;tipo;especie;loc;cc;membros_publicos;campos;metodos;acoplamento_eferente;unity;heranca
2D (Molz atual);Core\Audio\IAudioService.cs;IAudioService;interface;24;1;0;0;15;0;0;
2D (Molz atual);Core\Audio\MusicManager.cs;MusicManager;class;334;50;13;13;23;50;1;MonoBehaviour
2D (Molz atual);Core\Audio\SfxManager.cs;SfxId;enum;12;1;0;0;0;0;0;
2D (Molz atual);Core\Audio\SfxManager.cs;SfxManager;class;163;30;16;13;21;38;1;MonoBehaviour
2D (Molz atual);Core\Audio\UnityAudioService.cs;UnityAudioService;class;24;18;17;0;15;21;0;IAudioService
2D (Molz atual);Core\Bootstrap\Bootstrapper.cs;Bootstrapper;class;54;2;0;2;1;28;1;MonoBehaviour
2D (Molz atual);Core\GameManager.cs;GameManager;class;259;50;28;6;24;79;1;MonoBehaviour
2D (Molz atual);Core\PortraitAspectCamera.cs;PortraitAspectCamera;class;145;1;0;3;0;7;1;MonoBehaviour
2D (Molz atual);Core\QuestionRunTracker.cs;QuestionRunTracker;class;61;8;13;1;8;17;0;
2D (Molz atual);Core\SceneFader.cs;SceneFader;class;98;7;6;3;8;19;1;MonoBehaviour
2D (Molz atual);Core\SceneNames.cs;SceneNames;class;6;1;3;3;0;0;0;
2D (Molz atual);Core\SceneRouter.cs;SceneRouter;class;59;9;4;4;5;18;0;
2D (Molz atual);Core\ServiceLocator.cs;ServiceLocator;class;50;6;4;1;4;8;0;
2D (Molz atual);Data\DataIndex.cs;DataIndex;class;7;1;4;4;0;0;0;
2D (Molz atual);Data\DifficultyLevelData.cs;DifficultyLevelData;class;26;5;6;5;0;8;1;ScriptableObject
2D (Molz atual);Data\Dtos\CompoundDto.cs;CompoundDto;class;11;1;7;7;0;2;0;
2D (Molz atual);Data\Dtos\QuestionDto.cs;QuestionDto;class;11;1;7;7;0;2;0;
2D (Molz atual);Data\Dtos\SolutionDto.cs;SolutionDto;class;10;1;6;6;0;2;0;
2D (Molz atual);Data\Dtos\SolventDto.cs;SolventDto;class;11;1;7;7;0;2;0;
2D (Molz atual);Data\Mappers\CompoundMapper.cs;CompoundMapper;class;18;2;1;0;1;5;0;
2D (Molz atual);Data\Mappers\QuestionMapper.cs;QuestionMapper;class;14;1;1;0;1;2;0;
2D (Molz atual);Data\Mappers\SolutionMapper.cs;SolutionMapper;class;23;1;1;0;1;7;0;
2D (Molz atual);Data\Mappers\SolventMapper.cs;SolventMapper;class;24;2;1;0;1;9;0;
2D (Molz atual);Data\Providers\FileJsonProvider.cs;FileJsonProvider;class;15;1;2;1;1;5;0;IJsonProvider
2D (Molz atual);Data\Providers\IJsonProvider.cs;IJsonProvider;interface;4;1;0;0;1;0;0;
2D (Molz atual);Data\Providers\ResourcesJsonProvider.cs;ResourcesJsonProvider;class;32;3;2;1;1;10;0;IJsonProvider
2D (Molz atual);Data\Repositories\ICompoundRepository.cs;ICompoundRepository;interface;5;1;0;0;2;1;0;
2D (Molz atual);Data\Repositories\IQuestionRepository.cs;IQuestionRepository;interface;5;1;0;0;2;1;0;
2D (Molz atual);Data\Repositories\ISolutionRepository.cs;ISolutionRepository;interface;5;1;0;0;2;1;0;
2D (Molz atual);Data\Repositories\ISolventRepository.cs;ISolventRepository;interface;5;1;0;0;2;1;0;
2D (Molz atual);Data\Repositories\JsonCompoundRepository.cs;JsonCompoundRepository;class;27;4;3;1;2;12;0;ICompoundRepository
2D (Molz atual);Data\Repositories\JsonQuestionRepository.cs;JsonQuestionRepository;class;26;4;3;2;2;13;0;IQuestionRepository
2D (Molz atual);Data\Repositories\JsonSolutionRepository.cs;JsonSolutionRepository;class;31;4;3;1;2;14;0;ISolutionRepository
2D (Molz atual);Data\Repositories\JsonSolventRepository.cs;JsonSolventRepository;class;26;4;3;1;2;12;0;ISolventRepository
2D (Molz atual);Domain\Entities\Compound.cs;Compound;class;30;1;9;0;1;9;0;IChemicalSubstance
2D (Molz atual);Domain\Entities\IChemicalSubstance.cs;IChemicalSubstance;interface;8;1;0;0;0;1;0;
2D (Molz atual);Domain\Entities\MixtureHistoryEntry.cs;MixtureHistoryEntry;class;21;1;5;0;1;11;0;
2D (Molz atual);Domain\Entities\PlayerProfile.cs;PlayerProfile;class;27;2;7;0;3;3;0;
2D (Molz atual);Domain\Entities\Question.cs;Question;class;41;7;8;0;0;9;0;
2D (Molz atual);Domain\Entities\SolubilityOutcome.cs;SolubilityOutcome;class;23;1;7;0;0;8;0;
2D (Molz atual);Domain\Entities\Solution.cs;Solution;class;28;1;8;0;1;8;0;
2D (Molz atual);Domain\Entities\Solvent.cs;Solvent;class;36;1;9;0;1;9;0;IChemicalSubstance
2D (Molz atual);Domain\Enums\FlaskType.cs;FlaskType;enum;7;1;0;0;0;0;0;
2D (Molz atual);Domain\Enums\GameMode.cs;GameMode;enum;6;1;0;0;0;0;0;
2D (Molz atual);Domain\Enums\LitmusResultKind.cs;LitmusResultKind;enum;7;1;0;0;0;0;0;
2D (Molz atual);Domain\Enums\MixtureType.cs;MixtureType;enum;5;1;0;0;0;0;0;
2D (Molz atual);Domain\Enums\PhysicalState.cs;PhysicalState;enum;5;1;0;0;0;0;0;
2D (Molz atual);Domain\Enums\SolubilityResultKind.cs;SolubilityResultKind;enum;6;1;0;0;0;0;0;
2D (Molz atual);Domain\Services\GameModeRules.cs;GameModeRulesFactory;class;17;4;1;0;1;8;0;
2D (Molz atual);Domain\Services\GameModeRules.cs;EstudoLivreRules;class;10;1;6;0;1;3;0;IGameModeRules
2D (Molz atual);Domain\Services\GameModeRules.cs;ExperimentosRules;class;10;1;6;0;1;3;0;IGameModeRules
2D (Molz atual);Domain\Services\GameModeRules.cs;DesafioRules;class;10;1;6;0;1;3;0;IGameModeRules
2D (Molz atual);Domain\Services\IGameModeRules.cs;IGameModeRules;interface;19;1;0;0;1;1;0;
2D (Molz atual);Domain\Services\IHistoryService.cs;IHistoryService;interface;11;1;0;0;3;2;0;
2D (Molz atual);Domain\Services\IQuestionService.cs;IQuestionService;interface;7;1;0;0;1;2;0;
2D (Molz atual);Domain\Services\IScoringService.cs;IScoringService;interface;4;1;0;0;1;0;0;
2D (Molz atual);Domain\Services\ISolubilityService.cs;ISolubilityService;interface;7;1;0;0;1;1;0;
2D (Molz atual);Domain\Services\InMemoryHistoryService.cs;InMemoryHistoryService;class;28;2;3;2;3;8;0;IHistoryService
2D (Molz atual);Domain\Services\QuestionService.cs;QuestionService;class;67;9;1;1;2;14;0;IQuestionService
2D (Molz atual);Domain\Services\ScoringService.cs;ScoringService;class;15;2;2;1;1;1;0;IScoringService
2D (Molz atual);Domain\Services\SolubilityService.cs;SolubilityService;class;42;9;2;3;1;18;0;ISolubilityService
2D (Molz atual);Domain\States\GameStateMachine.cs;GameStateMachine;class;40;7;5;1;3;12;0;
2D (Molz atual);Domain\States\GameStates.cs;DelegateGameState;class;17;4;4;2;2;4;0;IGameState
2D (Molz atual);Domain\States\GameStates.cs;MenuState;class;4;1;1;0;0;2;0;DelegateGameState
2D (Molz atual);Domain\States\GameStates.cs;LabState;class;4;1;1;0;0;2;0;DelegateGameState
2D (Molz atual);Domain\States\GameStates.cs;QuestionState;class;4;1;1;0;0;2;0;DelegateGameState
2D (Molz atual);Domain\States\GameStates.cs;MixingState;class;4;1;1;0;0;2;0;DelegateGameState
2D (Molz atual);Domain\States\GameStates.cs;VictoryState;class;4;1;1;0;0;2;0;DelegateGameState
2D (Molz atual);Domain\States\GameStates.cs;DefeatState;class;4;1;1;0;0;2;0;DelegateGameState
2D (Molz atual);Domain\States\GameStates.cs;WinGameState;class;4;1;1;0;0;2;0;DelegateGameState
2D (Molz atual);Domain\States\IGameState.cs;IGameState;interface;6;1;0;0;2;0;0;
2D (Molz atual);Domain\UseCases\GenerateMysteryQuestionUseCase.cs;GenerateMysteryQuestionRequest;struct;9;1;2;0;0;1;0;
2D (Molz atual);Domain\UseCases\GenerateMysteryQuestionUseCase.cs;GenerateMysteryQuestionResponse;struct;9;1;2;0;0;1;0;
2D (Molz atual);Domain\UseCases\GenerateMysteryQuestionUseCase.cs;GenerateMysteryQuestionUseCase;class;30;4;2;2;1;10;0;
2D (Molz atual);Domain\UseCases\MixSolutionUseCase.cs;MixSolutionRequest;struct;11;1;3;0;0;2;0;
2D (Molz atual);Domain\UseCases\MixSolutionUseCase.cs;MixSolutionResponse;struct;11;1;3;0;0;4;0;
2D (Molz atual);Domain\UseCases\MixSolutionUseCase.cs;MixSolutionUseCase;class;27;1;2;2;1;8;0;
2D (Molz atual);Domain\UseCases\SubmitAnswerUseCase.cs;SubmitAnswerRequest;struct;13;1;4;0;0;3;0;
2D (Molz atual);Domain\UseCases\SubmitAnswerUseCase.cs;SubmitAnswerResponse;struct;15;1;5;0;0;4;0;
2D (Molz atual);Domain\UseCases\SubmitAnswerUseCase.cs;SubmitAnswerUseCase;class;30;5;2;1;1;14;0;
2D (Molz atual);Domain\ValueObjects\SolutionKey.cs;SolutionKey;struct;19;3;5;0;2;3;0;
2D (Molz atual);LabScripts\LabUIController.cs;LabUIController;class;692;78;67;41;54;101;1;MonoBehaviour ILabView
2D (Molz atual);MenuScripts\MenuUIController.cs;MenuUIController;class;379;50;32;22;28;56;1;MonoBehaviour IMenuView
2D (Molz atual);MenuScripts\SliderController.cs;Slider_Controller;class;42;2;2;6;4;19;1;MonoBehaviour
2D (Molz atual);Presentation\Common\SimpleSpriteAnimator.cs;SimpleSpriteAnimator;class;56;7;2;5;4;15;1;MonoBehaviour
2D (Molz atual);Presentation\Common\UIAnimator.cs;UIAnimator;class;146;20;4;0;8;27;1;MonoBehaviour
2D (Molz atual);Presentation\Common\UIAnimator.cs;EaseType;enum;9;1;0;0;0;0;0;
2D (Molz atual);Presentation\Lab\FlaskAnimationController.cs;AnimationMode;enum;13;1;0;0;0;0;0;
2D (Molz atual);Presentation\Lab\FlaskAnimationController.cs;FlaskAnimationController;class;458;63;3;8;21;68;1;MonoBehaviour
2D (Molz atual);Presentation\Lab\HistoryPanelController.cs;HistoryPanelController;class;105;23;1;7;3;28;1;MonoBehaviour
2D (Molz atual);Presentation\Lab\LabPresenter.cs;LabPresenter;class;145;18;11;4;11;40;0;IDisposable
2D (Molz atual);Presentation\Lab\LabView.cs;ILabView;interface;15;1;0;0;7;2;0;
2D (Molz atual);Presentation\Lab\MixingRoundController.cs;MixingRoundController;class;120;16;5;9;6;34;1;MonoBehaviour
2D (Molz atual);Presentation\Lab\OverlayAnimator.cs;OverlayAnimator;class;283;33;7;1;11;33;1;MonoBehaviour
2D (Molz atual);Presentation\Lab\OverlayAnimator.cs;Config;class;11;1;8;8;0;1;0;
2D (Molz atual);Presentation\Lab\OverlayAnimatorBootstrap.cs;OverlayAnimatorBootstrap;class;19;2;0;1;1;7;1;MonoBehaviour
2D (Molz atual);Presentation\Lab\QuestionFlowPresenter.cs;QuestionFlowPresenter;class;163;37;3;8;9;55;1;MonoBehaviour
2D (Molz atual);Presentation\Lab\SolutionPanelAnimator.cs;SolutionPanelAnimator;class;250;14;5;14;15;30;1;MonoBehaviour
2D (Molz atual);Presentation\Lab\SolventClickHandler.cs;SolventClickHandler;class;44;4;1;3;4;11;1;MonoBehaviour
2D (Molz atual);Presentation\Lab\TestMessageHandler.cs;TestMessageHandler;class;106;11;2;2;4;25;0;
2D (Molz atual);Presentation\Lab\Views\LabAudioToggleView.cs;LabAudioToggleView;class;62;13;7;5;6;12;0;
2D (Molz atual);Presentation\Lab\Views\LabHudView.cs;LabHudView;class;107;22;8;11;7;16;0;
2D (Molz atual);Presentation\Lab\Views\LabPanelsView.cs;LabPanelsView;class;22;4;2;2;1;5;0;
2D (Molz atual);Presentation\Menu\DifficultySelectorPresenter.cs;DifficultySelectorPresenter;class;47;9;4;3;4;12;0;IDisposable
2D (Molz atual);Presentation\Menu\DifficultySelectorView.cs;IDifficultySelectorView;interface;5;1;0;0;2;1;0;
2D (Molz atual);Presentation\Menu\MenuPresenter.cs;MenuPresenter;class;98;15;8;6;8;23;0;IDisposable
2D (Molz atual);Presentation\Menu\MenuView.cs;IMenuView;interface;9;1;0;0;6;1;0;
2D (Molz atual);UI\FloatingEffect.cs;FloatingEffect;class;21;1;0;3;2;7;1;MonoBehaviour
2D (Molz atual);UI\NavbarController.cs;NavbarController;class;146;4;3;12;12;19;1;MonoBehaviour
2D (Molz atual);UI\TreeSolventGroupButtons.cs;TreeSolventGroupButtons;class;69;11;1;2;1;6;1;MonoBehaviour
2D (Molz atual);WinSceneScripts\WinSceneUIController.cs;WinSceneUI_Controller;class;35;4;3;0;3;12;1;MonoBehaviour
